﻿Designator,Footprint,Quantity,Value,LCSC Part #
"C1, C2, C22, C23, C24, C25, C26, C27, C28, C29, C3, C30, C31, C32, C33, C34, C35, C36, C37, C38, C39, C4, C5, C6, C7, C8",0805,26,1uF,
"C10, C18, C19, C20, C21, C9",0805,6,10uF,
"C11, C12, C15, C16, C17",0805,5,C_Small,
"C13, C14",0805,2,0.1uF,
D1,LED_D5.0mm_Clear,1,LED,
J2,PinSocket_1x02_P2.54mm_Vertical,1,Conn_01x02,
J3,Jack_3.5mm_CUI_SJ-3523-SMT_Horizontal,1,AudioJack3,
"JP1, JP2, JP3, JP4, JP5",TestPoint_2Pads_Pitch2.54mm_Drill0.8mm,5,Jumper_2_Bridged,
"R1, R10, R11, R12, R2, R3, R4, R40, R41, R42, R43, R44, R45, R46, R47, R48, R49, R5, R50, R51, R52, R53, R54, R55, R56, R57, R58, R59, R6, R60, R61, R62, R63, R64, R65, R66, R67, R68, R69, R7, R70, R71, R72, R73, R74, R75, R76, R8, R9",0603,49,1K,
"R13, R14, R15, R18, R19, R20, R34",0603,7,100K,
"R16, R17, R31, R32, R33, R37, R38, R39",0603,8,10K,
"R21, R22, R23, R24, R25, R26, R27, R28, R29, R30",0603,10,R_Small,
R35,0603,1,33K,
R36,R_LDR_4.9x4.2mm_P2.54mm_Vertical,1,R_Photo,
"RV1, RV2, RV21, RV22, RV23, RV24, RV25, RV26, RV27, RV28, RV29, RV3, RV30, RV31, RV32, RV33, RV34, RV35, RV36, RV37, RV38, RV4, RV5, RV6",Potentiometer_Bourns_3296W_Vertical,24,100K, C118963
RV10,RV09AF-40-ALPHA-POT,1,490K,
RV11,Potentiometer_Bourns_PTV112-4_Dual_Vertical,1,1M,
"RV12, RV16, RV17, RV7, RV8, RV9",RV09AF-40-ALPHA-POT,6,100K,
"RV13, RV14, RV15",RV09AF-40-ALPHA-POT,3,R_Potentiometer,
"RV18, RV19",RV09AF-40-ALPHA-POT,2,A100K,
RV20,RV09AF-40-ALPHA-POT,1,10K,
"TP1, TP10, TP11, TP12, TP13, TP14, TP15, TP16, TP17, TP18, TP19, TP2, TP20, TP21, TP22, TP23, TP24, TP3, TP4, TP5, TP6, TP7, TP8, TP9",TouchPad_2Pole_Square_15x15mm,24,key1,
"U1, U10, U11, U12, U3",SOIC-14_L8.7-W3.9-P1.27-LS6.0-BL,5,40106,
U2,SOIC-8-1EP_3.9x4.9mm_P1.27mm_EP2.514x3.2mm,1,LM358,C7950
"U4, U5, U6, U7, U8, U9",SOIC-8-1EP_3.9x4.9mm_P1.27mm_EP2.514x3.2mm,6,NE5532,
